{"cameraMode":{"drawMode":0,"name":"Shaded","section":"Shading Mode"},"sceneLighting":true,"audioPlay":false,"sceneViewState":{"m_AlwaysRefresh":false,"showFog":true,"showSkybox":true,"showFlares":true,"showImageEffects":true,"showParticleSystems":true,"showVisualEffectGraphs":true,"m_FxEnabled":true},"in2DMode":false,"pivot":{"x":1.6903096437454224,"y":0.6250094175338745,"z":0.07755327224731446},"rotation":{"x":-0.08567646890878678,"y":-0.025988643988966943,"z":0.0022384952753782274,"w":-0.9960001707077026},"size":5.477535724639893,"orthographic":false}